Date,Country,New_cases,Cumulative_cases,New_deaths,Cumulative_deaths
2020-01-03,France,0,0,0,0
2020-01-04,France,0,0,0,0
2020-01-05,France,0,0,0,0
2020-01-06,France,0,0,0,0
2020-01-07,France,0,0,0,0
2020-01-08,France,0,0,0,0
2020-01-09,France,0,0,0,0
2020-01-10,France,0,0,0,0
2020-01-11,France,0,0,0,0
2020-01-12,France,0,0,0,0
2020-01-13,France,0,0,0,0
2020-01-14,France,0,0,0,0
2020-01-15,France,0,0,0,0
2020-01-16,France,0,0,0,0
2020-01-17,France,0,0,0,0
2020-01-18,France,0,0,0,0
2020-01-19,France,0,0,0,0
2020-01-20,France,0,0,0,0
2020-01-21,France,0,0,0,0
2020-01-22,France,0,0,0,0
2020-01-23,France,0,0,0,0
2020-01-24,France,3,3,0,0
2020-01-25,France,0,3,0,0
2020-01-26,France,0,3,0,0
2020-01-27,France,0,3,0,0
2020-01-28,France,0,3,0,0
2020-01-29,France,1,4,0,0
2020-01-30,France,1,5,0,0
2020-01-31,France,1,6,0,0
2020-02-01,France,0,6,0,0
2020-02-02,France,0,6,0,0
2020-02-03,France,0,6,0,0
2020-02-04,France,0,6,0,0
2020-02-05,France,0,6,0,0
2020-02-06,France,0,6,0,0
2020-02-07,France,0,6,0,0
2020-02-08,France,5,11,0,0
2020-02-09,France,0,11,0,0
2020-02-10,France,0,11,0,0
2020-02-11,France,0,11,0,0
2020-02-12,France,0,11,0,0
2020-02-13,France,0,11,0,0
2020-02-14,France,0,11,0,0
2020-02-15,France,0,11,1,1
2020-02-16,France,0,11,0,1
2020-02-17,France,1,12,0,1
2020-02-18,France,0,12,0,1
2020-02-19,France,0,12,0,1
2020-02-20,France,0,12,0,1
2020-02-21,France,0,12,0,1
2020-02-22,France,0,12,0,1
2020-02-23,France,0,12,0,1
2020-02-24,France,0,12,0,1
2020-02-25,France,0,12,0,1
2020-02-26,France,2,14,0,1
2020-02-27,France,3,17,1,2
2020-02-28,France,21,38,0,2
2020-02-29,France,19,57,0,2
2020-03-01,France,43,100,0,2
2020-03-02,France,30,130,0,2
2020-03-03,France,48,178,1,3
2020-03-04,France,31,209,1,4
2020-03-05,France,73,282,0,4
2020-03-06,France,133,415,3,7
2020-03-07,France,190,605,2,9
2020-03-08,France,101,706,1,10
2020-03-09,France,410,1116,9,19
2020-03-10,France,286,1402,11,30
2020-03-11,France,372,1774,3,33
2020-03-12,France,496,2270,15,48
2020-03-13,France,586,2856,13,61
2020-03-14,France,778,3634,18,79
2020-03-15,France,830,4464,12,91
2020-03-16,France,916,5380,36,127
2020-03-17,France,1202,6582,21,148
2020-03-18,France,1075,7657,27,175
2020-03-19,France,1387,9044,69,244
2020-03-20,France,1840,10884,128,372
2020-03-21,France,1571,12455,78,450
2020-03-22,France,1841,14296,112,562
2020-03-23,France,1525,15821,112,674
2020-03-24,France,3810,19631,186,860
2020-03-25,France,2412,22043,240,1100
2020-03-26,France,2897,24940,230,1330
2020-03-27,France,3846,28786,365,1695
2020-03-28,France,3748,32534,297,1992
2020-03-29,France,4611,37145,319,2311
2020-03-30,France,2491,39636,291,2602
2020-03-31,France,4341,43977,415,3017
2020-04-01,France,7500,51477,497,3514
2020-04-02,France,4784,56261,505,4019
2020-04-03,France,2066,58327,471,4490
2020-04-04,France,5209,63536,2003,6493
2020-04-05,France,4221,67757,1053,7546
2020-04-06,France,1850,69607,518,8064
2020-04-07,France,3881,73488,832,8896
2020-04-08,France,3737,77225,1417,10313
2020-04-09,France,3869,81094,540,10853
2020-04-10,France,4256,85350,1339,12192
2020-04-11,France,4333,89683,987,13179
2020-04-12,France,3104,92787,635,13814
2020-04-13,France,1595,94382,560,14374
2020-04-14,France,2669,97051,572,14946
2020-04-15,France,5483,102534,762,15708
2020-04-16,France,2621,105155,1438,17146
2020-04-17,France,2623,107778,753,17899
2020-04-18,France,385,108163,760,18659
2020-04-19,France,2558,110721,635,19294
2020-04-20,France,742,111463,395,19689
2020-04-21,France,2050,113513,544,20233
2020-04-22,France,2638,116151,530,20763
2020-04-23,France,1810,117961,544,21307
2020-04-24,France,1623,119584,516,21823
2020-04-25,France,1755,121339,389,22212
2020-04-26,France,1537,122876,368,22580
2020-04-27,France,404,123280,241,22821
2020-04-28,France,1160,124440,440,23261
2020-04-29,France,1025,125465,366,23627
2020-04-30,France,1601,127066,427,24054
2020-05-01,France,1055,128121,288,24342
2020-05-02,France,601,128722,218,24560
2020-05-03,France,736,129458,164,24724
2020-05-04,France,250,129708,135,24859
2020-05-05,France,534,130242,306,25165
2020-05-06,France,1050,131292,326,25491
2020-05-07,France,4176,135468,278,25769
2020-05-08,France,512,135980,177,25946
2020-05-09,France,598,136578,242,26188
2020-05-10,France,430,137008,80,26268
2020-05-11,France,65,137073,70,26338
2020-05-12,France,863,137936,262,26600
2020-05-13,France,977,138913,348,26948
2020-05-14,France,985,139898,81,27029
2020-05-15,France,213,140111,349,27378
2020-05-16,France,73,140184,130,27508
2020-05-17,France,1110,141294,88,27596
2020-05-18,France,963,142257,66,27662
2020-05-19,France,1027,143284,186,27848
2020-05-20,France,131,143415,124,27972
2020-05-21,France,761,144176,109,28081
2020-05-22,France,226,144402,83,28164
2020-05-23,France,101,144503,74,28238
2020-05-24,France,692,145195,43,28281
2020-05-25,France,689,145884,34,28315
2020-05-26,France,649,146533,64,28379
2020-05-27,France,587,147120,98,28477
2020-05-28,France,552,147672,66,28543
2020-05-29,France,316,147988,65,28608
2020-05-30,France,126,148114,52,28660
2020-05-31,France,122,148236,57,28717
2020-06-01,France,554,148790,29,28746
2020-06-02,France,572,149362,30,28776
2020-06-03,France,548,149910,107,28883
2020-06-04,France,536,150446,81,28964
2020-06-05,France,207,150653,43,29007
2020-06-06,France,81,150734,46,29053
2020-06-07,France,507,151241,31,29084
2020-06-08,France,524,151765,13,29097
2020-06-09,France,449,152214,52,29149
2020-06-10,France,556,152770,85,29234
2020-06-11,France,485,153255,23,29257
2020-06-12,France,130,153385,27,29284
2020-06-13,France,133,153518,28,29312
2020-06-14,France,205,153723,23,29335
2020-06-15,France,470,154193,8,29343
2020-06-16,France,647,154840,30,29373
2020-06-17,France,459,155299,108,29481
2020-06-18,France,553,155852,28,29509
2020-06-19,France,85,155937,28,29537
2020-06-20,France,113,156050,14,29551
2020-06-21,France,155,156205,14,29565
2020-06-22,France,381,156586,6,29571
2020-06-23,France,624,157210,20,29591
2020-06-24,France,357,157567,57,29648
2020-06-25,France,329,157896,7,29655
2020-06-26,France,83,157979,20,29675
2020-06-27,France,214,158193,25,29700
2020-06-28,France,197,158390,0,29700
2020-06-29,France,729,159119,0,29700
2020-06-30,France,255,159374,30,29730
2020-07-01,France,357,159731,30,29760
2020-07-02,France,442,160173,17,29777
2020-07-03,France,173,160346,14,29791
2020-07-04,France,103,160449,17,29808
2020-07-05,France,171,160620,0,29808
2020-07-06,France,561,161181,0,29808
2020-07-07,France,549,161730,23,29831
2020-07-08,France,574,162304,11,29842
2020-07-09,France,563,162867,31,29873
2020-07-10,France,240,163107,13,29886
2020-07-11,France,117,163224,24,29910
2020-07-12,France,457,163681,0,29910
2020-07-13,France,168,163849,0,29910
2020-07-14,France,621,164470,18,29928
2020-07-15,France,917,165387,0,29928
2020-07-16,France,867,166254,87,30015
2020-07-17,France,304,166558,17,30032
2020-07-18,France,53,166611,14,30046
2020-07-19,France,887,167498,0,30046
2020-07-20,France,1096,168594,0,30046
2020-07-21,France,1054,169648,8,30054
2020-07-22,France,1022,170670,0,30054
2020-07-23,France,1225,171895,6,30060
2020-07-24,France,400,172295,9,30069
2020-07-25,France,65,172360,9,30078
2020-07-26,France,1341,173701,0,30078
2020-07-27,France,1366,175067,0,30078
2020-07-28,France,1269,176336,15,30093
2020-07-29,France,1496,177832,12,30105
2020-07-30,France,1506,179338,15,30120
2020-07-31,France,656,179994,16,30136
2020-08-01,France,176,180170,11,30147
2020-08-02,France,1938,182108,0,30147
2020-08-03,France,2008,184116,0,30147
2020-08-04,France,1824,185940,28,30175
2020-08-05,France,2091,188031,1,30176
2020-08-06,France,2223,190254,6,30182
2020-08-07,France,921,191175,7,30189
2020-08-08,France,334,191509,12,30201
2020-08-09,France,2697,194206,0,30201
2020-08-10,France,2657,196863,0,30201
2020-08-11,France,2832,199695,13,30214
2020-08-12,France,3442,203137,13,30227
2020-08-13,France,3784,206921,16,30243
2020-08-14,France,616,207537,16,30259
2020-08-15,France,510,208047,16,30275
2020-08-16,France,4951,212998,2,30277
2020-08-17,France,4672,217670,1,30278
2020-08-18,France,4673,222343,18,30296
2020-08-19,France,5062,227405,22,30318
2020-08-20,France,5035,232440,16,30334
2020-08-21,France,2155,234595,12,30346
2020-08-22,France,820,235415,22,30368
2020-08-23,France,6485,241900,8,30376
2020-08-24,France,6705,248605,1,30377
2020-08-25,France,6565,255170,18,30395
2020-08-26,France,7331,262501,16,30411
2020-08-27,France,7185,269686,0,30411
2020-08-28,France,2874,272560,29,30440
2020-08-29,France,1197,273757,20,30460
2020-08-30,France,9349,283106,5,30465
2020-08-31,France,8572,291678,2,30467
2020-09-01,France,8987,300665,27,30494
2020-09-02,France,9539,310204,23,30517
2020-09-03,France,9818,320022,22,30539
2020-09-04,France,3693,323715,0,30539
2020-09-05,France,1355,325070,0,30539
2020-09-06,France,12098,337168,7,30546
2020-09-07,France,11554,348722,1,30547
2020-09-08,France,11245,359967,25,30572
2020-09-09,France,11028,370995,35,30607
2020-09-10,France,11002,381997,29,30636
2020-09-11,France,4338,386335,18,30654
2020-09-12,France,1422,387757,80,30734
2020-09-13,France,13816,401573,15,30749
2020-09-14,France,13447,415020,6,30755
2020-09-15,France,13185,428205,34,30789
2020-09-16,France,13600,441805,48,30837
2020-09-17,France,12639,454444,43,30880
2020-09-18,France,5078,459522,50,30930
2020-09-19,France,1674,461196,154,31084
2020-09-20,France,15608,476804,25,31109
2020-09-21,France,14223,491027,11,31120
2020-09-22,France,12752,503779,52,31172
2020-09-23,France,11635,515414,62,31234
2020-09-24,France,11942,527356,39,31273
2020-09-25,France,4773,532129,52,31325
2020-09-26,France,1162,533291,150,31475
2020-09-27,France,13197,546488,39,31514
2020-09-28,France,12788,559276,27,31541
2020-09-29,France,13103,572379,67,31608
2020-09-30,France,14366,586745,82,31690
2020-10-01,France,15241,601986,56,31746
2020-10-02,France,7215,609201,62,31808
2020-10-03,France,1376,610577,118,31926
2020-10-04,France,21381,631958,43,31969
2020-10-05,France,19663,651621,32,32001
2020-10-06,France,20437,672058,68,32069
2020-10-07,France,22538,694596,65,32134
2020-10-08,France,23263,717859,77,32211
2020-10-09,France,11071,728930,76,32287
2020-10-10,France,3004,731934,90,32377
2020-10-11,France,31710,763644,54,32431
2020-10-12,France,28593,792237,46,32477
2020-10-13,France,28592,820829,94,32571
2020-10-14,France,32012,852841,108,32679
2020-10-15,France,32716,885557,101,32780
2020-10-16,France,15221,900778,88,32868
2020-10-17,France,4343,905121,162,33030
2020-10-18,France,45280,950401,89,33119
2020-10-19,France,44356,994757,85,33204
2020-10-20,France,46461,1041218,146,33350
2020-10-21,France,51083,1092301,261,33611
2020-10-22,France,54521,1146822,155,33766
2020-10-23,France,25093,1171915,162,33928
2020-10-24,France,7124,1179039,297,34225
2020-10-25,France,68553,1247592,125,34350
2020-10-26,France,61525,1309117,117,34467
2020-10-27,France,56662,1365779,255,34722
2020-10-28,France,56163,1421942,522,35244
2020-10-29,France,57506,1479448,240,35484
2020-10-30,France,26259,1505707,235,35719
2020-10-31,France,6351,1512058,544,36263
2020-11-01,France,69989,1582047,223,36486
2020-11-02,France,59106,1641153,231,36717
2020-11-03,France,49763,1690916,411,37128
2020-11-04,France,46864,1737780,854,37982
2020-11-05,France,44263,1782043,373,38355
2020-11-06,France,17913,1799956,363,38718
2020-11-07,France,4125,1804081,827,39545
2020-11-08,France,47592,1851673,304,39849
2020-11-09,France,37425,1889098,270,40119
2020-11-10,France,4797,1893895,546,40665
2020-11-11,France,36517,1930412,1220,41885
2020-11-12,France,28019,1958431,318,42203
2020-11-13,France,10809,1969240,425,42628
2020-11-14,France,2537,1971777,931,43559
2020-11-15,France,30323,2002100,354,43913
2020-11-16,France,21710,2023810,302,44215
2020-11-17,France,17058,2040868,504,44719
2020-11-18,France,16817,2057685,1219,45938
2020-11-19,France,15546,2073231,413,46351
2020-11-20,France,7235,2080466,429,46780
2020-11-21,France,1592,2082058,1137,47917
2020-11-22,France,17732,2099790,253,48170
2020-11-23,France,13742,2113532,214,48384
2020-11-24,France,12334,2125866,499,48883
2020-11-25,France,12496,2138362,1005,49888
2020-11-26,France,11779,2150141,371,50259
2020-11-27,France,6057,2156198,339,50598
2020-11-28,France,1484,2157682,956,51554
2020-11-29,France,15847,2173529,213,51767
2020-11-30,France,12287,2185816,198,51965
2020-12-01,France,11334,2197150,406,52371
2020-12-02,France,11959,2209109,775,53146
2020-12-03,France,12438,2221547,309,53455
2020-12-04,France,6548,2228095,324,53779
2020-12-05,France,1640,2229735,625,54404
2020-12-06,France,16663,2246398,214,54618
2020-12-07,France,13252,2259650,174,54792
2020-12-08,France,12436,2272086,366,55158
2020-12-09,France,13509,2285595,828,55986
2020-12-10,France,13629,2299224,294,56280
2020-12-11,France,7770,2306994,292,56572
2020-12-12,France,1918,2308912,626,57198
2020-12-13,France,19643,2328555,194,57392
2020-12-14,France,15940,2344495,150,57542
2020-12-15,France,14917,2359412,368,57910
2020-12-16,France,15821,2375233,790,58700
2020-12-17,France,17318,2392551,289,58989
2020-12-18,France,10452,2403003,256,59245
2020-12-19,France,3433,2406436,610,59855
2020-12-20,France,21044,2427480,188,60043
2020-12-21,France,18331,2445811,131,60174
2020-12-22,France,16670,2462481,351,60525
2020-12-23,France,12858,2475339,801,61326
2020-12-24,France,1209,2476548,276,61602
2020-12-25,France,9615,2486163,290,61892
2020-12-26,France,2033,2488196,159,62051
2020-12-27,France,21428,2509624,146,62197
2020-12-28,France,19533,2529157,173,62370
2020-12-29,France,18995,2548152,362,62732
2020-12-30,France,15452,2563604,969,63701
2020-12-31,France,1368,2564972,303,64004
2021-01-01,France,13186,2578158,250,64254
2021-01-02,France,2711,2580869,133,64387
2021-01-03,France,27817,2608686,156,64543
2021-01-04,France,22099,2630785,116,64659
2021-01-05,France,19026,2649811,376,65035
2021-01-06,France,18634,2668445,867,65902
2021-01-07,France,19211,2687656,282,66184
2021-01-08,France,10728,2698384,276,66460
2021-01-09,France,2167,2700551,589,67049
2021-01-10,France,25931,2726482,168,67217
2021-01-11,France,20189,2746671,151,67368
2021-01-12,France,19408,2766079,309,67677
2021-01-13,France,19807,2785886,742,68419
2021-01-14,France,20698,2806584,229,68648
2021-01-15,France,11335,2817919,280,68928
2021-01-16,France,2682,2820601,633,69561
2021-01-17,France,28922,2849523,192,69753
2021-01-18,France,22710,2872233,141,69894
2021-01-19,France,20813,2893046,401,70295
2021-01-20,France,21609,2914655,656,70951
2021-01-21,France,22604,2937259,310,71261
2021-01-22,France,12515,2949774,346,71607
2021-01-23,France,2072,2951846,648,72255
2021-01-24,France,29448,2981294,229,72484
2021-01-25,France,22205,3003499,172,72656
2021-01-26,France,20900,3024399,445,73101
2021-01-27,France,22313,3046712,612,73713
2021-01-28,France,22627,3069339,349,74062
2021-01-29,France,12464,3081803,343,74405
2021-01-30,France,2957,3084760,819,75224
2021-01-31,France,29782,3114542,242,75466
2021-02-01,France,22756,3137298,195,75661
2021-02-02,France,20040,3157338,453,76114
2021-02-03,France,20247,3177585,726,76840
2021-02-04,France,21010,3198595,353,77193
2021-02-05,France,11800,3210395,355,77548
2021-02-06,France,1213,3211608,624,78172
2021-02-07,France,25685,3237293,191,78363
2021-02-08,France,19805,3257098,171,78534
2021-02-09,France,17513,3274611,456,78990
2021-02-10,France,17191,3291802,721,79711
2021-02-11,France,17781,3309583,295,80006
2021-02-12,France,10098,3319681,357,80363
2021-02-13,France,2168,3321849,644,81007
2021-02-14,France,23782,3345631,192,81199
2021-02-15,France,19739,3365370,167,81366
2021-02-16,France,19549,3384919,409,81775
2021-02-17,France,20133,3405052,582,82357
2021-02-18,France,21167,3426219,309,82666
2021-02-19,France,12519,3438738,267,82933
2021-02-20,France,2085,3440823,565,83498
2021-02-21,France,28726,3469549,183,83681
2021-02-22,France,22181,3491730,159,83840
2021-02-23,France,20162,3511892,327,84167
2021-02-24,France,20736,3532628,428,84595
2021-02-25,France,20752,3553380,273,84868
2021-02-26,France,12393,3565773,257,85125
2021-02-27,France,2277,3568050,536,85661
2021-02-28,France,27422,3595472,185,85846
2021-03-01,France,20412,3615884,114,85960
2021-03-02,France,20453,3636337,375,86335
2021-03-03,France,19786,3656123,410,86745
2021-03-04,France,21912,3678035,322,87067
2021-03-05,France,13157,3691192,278,87345
2021-03-06,France,2364,3693556,431,87776
2021-03-07,France,29327,3722883,170,87946
2021-03-08,France,23466,3746349,127,88073
2021-03-09,France,23706,3770055,358,88431
2021-03-10,France,23945,3794000,356,88787
2021-03-11,France,26255,3820255,331,89118
2021-03-12,France,17026,3837281,265,89383
2021-03-13,France,4135,3841416,223,89606
2021-03-14,France,38276,3879692,168,89774
2021-03-15,France,30555,3910247,132,89906
2021-03-16,France,30439,3940686,333,90239
2021-03-17,France,30375,3971061,392,90631
2021-03-18,France,33123,4004184,236,90867
2021-03-19,France,20670,4024854,268,91135
2021-03-20,France,4986,4029840,276,91411
2021-03-21,France,46270,4076110,175,91586
2021-03-22,France,38088,4114198,138,91724
2021-03-23,France,37136,4151334,343,92067
2021-03-24,France,37079,4188413,269,92336
2021-03-25,France,39932,4228345,245,92581
2021-03-26,France,24890,4253235,223,92804
2021-03-27,France,5122,4258357,897,93701
2021-03-28,France,52323,4310680,178,93879
2021-03-29,France,43554,4354234,131,94010
2021-03-30,France,39629,4393863,360,94370
2021-03-31,France,38379,4432242,361,94731
2021-04-01,France,38483,4470725,299,95030
2021-04-02,France,24320,4495045,308,95338
2021-04-03,France,3775,4498820,321,95659
2021-04-04,France,8602,4507422,185,95844
2021-04-05,France,53843,4561265,185,96029
2021-04-06,France,39110,4600375,197,96226
2021-04-07,France,35899,4636274,412,96638
2021-04-08,France,37967,4674241,421,97059
2021-04-09,France,23785,4698026,343,97402
2021-04-10,France,3728,4701754,319,97721
2021-04-11,France,46288,4748042,207,97928
2021-04-12,France,34343,4782385,176,98104
2021-04-13,France,30754,4813139,373,98477
2021-04-14,France,31275,4844414,345,98822
2021-04-15,France,32128,4876542,295,99117
2021-04-16,France,20291,4896833,296,99413
2021-04-17,France,4515,4901348,331,99744
2021-04-18,France,39723,4941071,177,99921
2021-04-19,France,30755,4971826,140,100061
2021-04-20,France,29142,5000968,446,100507
2021-04-21,France,26869,5027837,381,100888
2021-04-22,France,28363,5056200,313,101201
2021-04-23,France,17221,5073421,283,101484
2021-04-24,France,3476,5076897,331,101815
2021-04-25,France,32465,5109362,195,102010
2021-04-26,France,24812,5134174,145,102155
2021-04-27,France,21077,5155251,391,102546
2021-04-28,France,20966,5176217,344,102890
2021-04-29,France,22575,5198792,315,103205
2021-04-30,France,3828,5202620,306,103511
2021-05-01,France,3376,5205996,290,103801
2021-05-02,France,27245,5233241,164,103965
2021-05-03,France,20203,5253444,113,104078
2021-05-04,France,17478,5270922,308,104386
2021-05-05,France,15889,5286811,255,104641
2021-05-06,France,17918,5304729,244,104885
2021-05-07,France,3888,5308617,219,105104
2021-05-08,France,1562,5310179,235,105339
2021-05-09,France,23884,5334063,176,105515
2021-05-10,France,16618,5350681,115,105630
2021-05-11,France,15762,5366443,290,105920
2021-05-12,France,1571,5368014,231,106151
2021-05-13,France,17164,5385178,182,106333
2021-05-14,France,8576,5393754,131,106464
2021-05-15,France,2262,5396016,173,106637
2021-05-16,France,18820,5414836,100,106737
2021-05-17,France,15432,5430268,81,106818
2021-05-18,France,13220,5443488,195,107013
2021-05-19,France,11514,5455002,221,107234
2021-05-20,France,11986,5466988,140,107374
2021-05-21,France,4817,5471805,133,107507
2021-05-22,France,13447,5485252,121,107628
2021-05-23,France,11821,5497073,75,107703
2021-05-24,France,9704,5506777,70,107773
2021-05-25,France,1908,5508685,61,107834
2021-05-26,France,1749,5510434,207,108041
2021-05-27,France,12438,5522872,143,108184
2021-05-28,France,13704,5536576,141,108325
2021-05-29,France,11090,5547666,123,108448
2021-05-30,France,10007,5557673,66,108514
2021-05-31,France,8541,5566214,44,108558
2021-06-01,France,938,5567152,126,108684
2021-06-02,France,8498,5575650,117,108801
2021-06-03,France,8582,5584232,95,108896
2021-06-04,France,7978,5592210,69,108965
2021-06-05,France,6762,5598972,88,109053
2021-06-06,France,6229,5605201,43,109096
2021-06-07,France,5070,5610271,25,109121
2021-06-08,France,946,5611217,59,109180
2021-06-09,France,4700,5615917,63,109243
2021-06-10,France,5358,5621275,64,109307
2021-06-11,France,4475,5625750,68,109375
2021-06-12,France,3639,5629389,71,109446
2021-06-13,France,3603,5632992,25,109471
2021-06-14,France,2850,5635842,13,109484
2021-06-15,France,407,5636249,60,109544
2021-06-16,France,1867,5638116,72,109616
2021-06-17,France,2865,5640981,44,109660
2021-06-18,France,2775,5643756,55,109715
2021-06-19,France,2132,5645888,63,109778
2021-06-20,France,2322,5648210,20,109798
2021-06-21,France,1815,5650025,14,109812
2021-06-22,France,290,5650315,39,109851
2021-06-23,France,978,5651293,45,109896
2021-06-24,France,2287,5653580,33,109929
2021-06-25,France,1796,5655376,44,109973
2021-06-26,France,1851,5657227,33,110006
2021-06-27,France,1762,5658989,10,110016
2021-06-28,France,1571,5660560,17,110033
2021-06-29,France,509,5661069,32,110065
2021-06-30,France,1104,5662173,43,110108
2021-07-01,France,2336,5664509,25,110133
2021-07-02,France,2572,5667081,28,110161
2021-07-03,France,2581,5669662,22,110183
2021-07-04,France,2695,5672357,12,110195
2021-07-05,France,2549,5674906,9,110204
2021-07-06,France,796,5675702,26,110230
2021-07-07,France,2044,5677746,31,110261
2021-07-08,France,3996,5681742,28,110289
2021-07-09,France,4324,5686066,23,110312
2021-07-10,France,4498,5690564,17,110329
2021-07-11,France,4102,5694666,14,110343
2021-07-12,France,4231,5698897,4,110347
2021-07-13,France,1120,5700017,24,110371
2021-07-14,France,5367,5705384,40,110411
2021-07-15,France,8748,5714132,6,110417
2021-07-16,France,3583,5717715,16,110433
2021-07-17,France,8433,5726148,14,110447
2021-07-18,France,10949,5737097,16,110463
2021-07-19,France,12523,5749620,5,110468
2021-07-20,France,3959,5753579,16,110484
2021-07-21,France,16723,5770302,21,110505
2021-07-22,France,21386,5791688,22,110527
2021-07-23,France,21769,5813457,10,110537
2021-07-24,France,19052,5832509,31,110568
2021-07-25,France,23373,5855882,20,110588
2021-07-26,France,15233,5871115,6,110594
2021-07-27,France,5154,5876269,42,110636
2021-07-28,France,24127,5900396,17,110653
2021-07-29,France,27798,5928194,39,110692
2021-07-30,France,21259,5949453,15,110707
2021-07-31,France,22043,5971496,50,110757
2021-08-01,France,22785,5994281,38,110795
2021-08-02,France,19600,6013881,18,110813
2021-08-03,France,5184,6019065,24,110837
2021-08-04,France,20508,6039573,55,110892
2021-08-05,France,27856,6067429,41,110933
2021-08-06,France,25481,6092910,42,110975
2021-08-07,France,22643,6115553,51,111026
2021-08-08,France,24960,6140513,28,111054
2021-08-09,France,20422,6160935,27,111081
2021-08-10,France,672,6161607,62,111143
2021-08-11,France,24236,6185843,54,111197
2021-08-12,France,30757,6216600,57,111254
2021-08-13,France,26647,6243247,50,111304
2021-08-14,France,22502,6265749,34,111338
2021-08-15,France,24427,6290176,53,111391
2021-08-16,France,21125,6311301,44,111435
2021-08-17,France,5829,6317130,79,111514
2021-08-18,France,17104,6334234,91,111605
2021-08-19,France,27437,6361671,110,111715
2021-08-20,France,23102,6384773,107,111822
2021-08-21,France,18918,6403691,38,111860
2021-08-22,France,22636,6426327,129,111989
2021-08-23,France,17282,6443609,115,112104
2021-08-24,France,3857,6447466,55,112159
2021-08-25,France,22905,6470371,134,112293
2021-08-26,France,22610,6492981,103,112396
2021-08-27,France,18812,6511793,-6,112390
2021-08-28,France,10563,6522356,30,112420
2021-08-29,France,17381,6539737,74,112494
2021-08-30,France,13589,6553326,53,112547
2021-08-31,France,2132,6555458,62,112609
2021-09-01,France,17441,6572899,123,112732
2021-09-02,France,17102,6590001,95,112827
2021-09-03,France,15353,6605354,91,112918
2021-09-04,France,8708,6614062,95,113013
2021-09-05,France,13143,6627205,-32,112981
2021-09-06,France,10360,6637565,49,113030
2021-09-07,France,2310,6639875,112,113142
2021-09-08,France,12851,6652726,67,113209
2021-09-09,France,12348,6665074,117,113326
2021-09-10,France,10649,6675723,89,113415
2021-09-11,France,7575,6683298,2,113417
2021-09-12,France,9408,6692706,44,113461
2021-09-13,France,7653,6700359,29,113490
2021-09-14,France,415,6700774,82,113572
2021-09-15,France,9944,6710718,80,113652
2021-09-16,France,8686,6719404,75,113727
2021-09-17,France,7690,6727094,69,113796
2021-09-18,France,5898,6732992,32,113828
2021-09-19,France,7414,6740406,42,113870
2021-09-20,France,5814,6746220,28,113898
2021-09-21,France,180,6746400,9,113907
2021-09-22,France,7465,6753865,144,114051
2021-09-23,France,6400,6760265,55,114106
2021-09-24,France,6110,6766375,59,114165
2021-09-25,France,4527,6770902,20,114185
2021-09-26,France,6012,6776914,29,114214
2021-09-27,France,4683,6781597,14,114228
2021-09-28,France,1161,6782758,73,114301
2021-09-29,France,5859,6788617,49,114350
2021-09-30,France,5479,6794096,43,114393
2021-10-01,France,4858,6798954,54,114447
2021-10-02,France,4124,6803078,21,114468
2021-10-03,France,4948,6808026,30,114498
2021-10-04,France,3744,6811770,9,114507
2021-10-05,France,1138,6812908,40,114547
2021-10-06,France,3875,6816783,54,114601
2021-10-07,France,4632,6821415,34,114635
2021-10-08,France,4281,6825696,33,114668
2021-10-09,France,3897,6829593,16,114684
2021-10-10,France,4734,6834327,15,114699
2021-10-11,France,3991,6838318,8,114707
2021-10-12,France,635,6838953,28,114735
2021-10-13,France,5583,6844536,47,114782
2021-10-14,France,5340,6849876,22,114804
2021-10-15,France,4932,6854808,36,114840
2021-10-16,France,5626,6860434,23,114863
2021-10-17,France,4899,6865333,15,114878
2021-10-18,France,3778,6869111,5,114883
2021-10-19,France,757,6869868,38,114921
2021-10-20,France,5689,6875557,36,114957
2021-10-21,France,5796,6881353,26,114983
2021-10-22,France,5498,6886851,31,115014
2021-10-23,France,6058,6892909,23,115037
2021-10-24,France,6169,6899078,22,115059
2021-10-25,France,4993,6904071,4,115063
2021-10-26,France,1011,6905082,38,115101
2021-10-27,France,6251,6911333,36,115137
2021-10-28,France,6437,6917770,31,115168
2021-10-29,France,6126,6923896,23,115191
2021-10-30,France,6061,6929957,21,115212
2021-10-31,France,7285,6937242,20,115232
2021-11-01,France,6329,6943571,12,115244
2021-11-02,France,1834,6945405,6,115250
2021-11-03,France,1859,6947264,84,115334
2021-11-04,France,9503,6956767,33,115367
2021-11-05,France,9373,6966140,47,115414
2021-11-06,France,8451,6974591,10,115424
2021-11-07,France,9537,6984128,25,115449
2021-11-08,France,8489,6992617,8,115457
2021-11-09,France,1958,6994575,54,115511
2021-11-10,France,11500,7006075,42,115553
2021-11-11,France,11822,7017897,31,115584
2021-11-12,France,12504,7030401,17,115601
2021-11-13,France,3600,7034001,44,115645
2021-11-14,France,14645,7048646,16,115661
2021-11-15,France,12475,7061121,17,115678
2021-11-16,France,3162,7064283,75,115753
2021-11-17,France,18413,7082696,44,115797
2021-11-18,France,20201,7102897,56,115853
2021-11-19,France,19840,7122737,49,115902
2021-11-20,France,20847,7143584,49,115951
2021-11-21,France,22568,7166152,22,115973
2021-11-22,France,19749,7185901,15,115988
2021-11-23,France,5201,7191102,96,116084
2021-11-24,France,28255,7219357,82,116166
2021-11-25,France,32451,7251808,76,116242
2021-11-26,France,33320,7285128,72,116314
2021-11-27,France,34251,7319379,58,116372
2021-11-28,France,37137,7356516,32,116404
2021-11-29,France,31642,7388158,23,116427
2021-11-30,France,5981,7394139,118,116545
2021-12-01,France,46975,7441114,110,116655
2021-12-02,France,49563,7490677,95,116750
2021-12-03,France,48129,7538806,97,116847
2021-12-04,France,49549,7588355,124,116971
2021-12-05,France,51523,7639878,47,117018
2021-12-06,France,42222,7682100,29,117047
2021-12-07,France,8530,7690630,184,117231
2021-12-08,France,58796,7749426,171,117402
2021-12-09,France,61148,7810574,122,117524
2021-12-10,France,56609,7867183,135,117659
2021-12-11,France,55020,7922203,144,117803
2021-12-12,France,53647,7975850,65,117868
2021-12-13,France,43848,8019698,48,117916
2021-12-14,France,8434,8028132,238,118154
2021-12-15,France,63123,8091255,148,118302
2021-12-16,France,65586,8156841,144,118446
2021-12-17,France,60647,8217488,181,118627
2021-12-18,France,57914,8275402,160,118787
2021-12-19,France,58409,8333811,82,118869
2021-12-20,France,48473,8382284,75,118944
2021-12-21,France,14684,8396968,222,119166
2021-12-22,France,72634,8469602,224,119390
2021-12-23,France,79567,8549169,162,119552
2021-12-24,France,91288,8640457,176,119728
2021-12-25,France,93532,8733989,165,119893
2021-12-26,France,104505,8838494,81,119974
2021-12-27,France,27697,8866191,96,120070
2021-12-28,France,29767,8895958,254,120324
2021-12-29,France,174296,9070254,281,120605
2021-12-30,France,207692,9277946,183,120788
2021-12-31,France,204636,9482582,174,120962
2022-01-01,France,229948,9712530,186,121148
2022-01-02,France,219126,9931656,110,121258
2022-01-03,France,58432,9990088,91,121349
2022-01-04,France,62804,10052892,268,121617
2022-01-05,France,261541,10314433,338,121955
2022-01-06,France,329558,10643991,246,122201
2022-01-07,France,258245,10902236,201,122402
2022-01-08,France,322327,11224563,191,122593
2022-01-09,France,303669,11528232,142,122735
2022-01-10,France,290057,11818289,90,122825
2022-01-11,France,88617,11906906,279,123104
2022-01-12,France,343164,12250070,319,123423
2022-01-13,France,358044,12608114,245,123668
2022-01-14,France,299641,12907755,225,123893
2022-01-15,France,308908,13216663,179,124072
2022-01-16,France,324580,13541243,144,124216
2022-01-17,France,278129,13819372,98,124314
2022-01-18,France,98892,13918264,296,124610
2022-01-19,France,428429,14346693,336,124946
2022-01-20,France,432729,14779422,227,125173
2022-01-21,France,421807,15201229,240,125413
2022-01-22,France,379597,15580826,218,125631
2022-01-23,France,387472,15968298,165,125796
2022-01-24,France,301339,16269637,115,125911
2022-01-25,France,60695,16330332,353,126264
2022-01-26,France,500563,16830895,465,126729
2022-01-27,France,421898,17252793,253,126982
2022-01-28,France,390453,17643246,267,127249
2022-01-29,France,337275,17980521,243,127492
2022-01-30,France,330748,18311269,173,127665
2022-01-31,France,240671,18551940,108,127773
2022-02-01,France,82378,18634318,347,128120
2022-02-02,France,367424,19001742,342,128462
2022-02-03,France,311639,19313381,266,128728
2022-02-04,France,274179,19587560,262,128990
2022-02-05,France,239755,19827315,353,129343
2022-02-06,France,213366,20040681,170,129513
2022-02-07,France,149713,20190394,112,129625
2022-02-08,France,45694,20236088,417,130042
2022-02-09,France,201219,20437307,654,130696
2022-02-10,France,176501,20613808,272,130968
2022-02-11,France,153009,20766817,370,131338
2022-02-12,France,129791,20896608,268,131606
2022-02-13,France,117574,21014182,160,131766
2022-02-14,France,86562,21100744,107,131873
2022-02-15,France,26360,21127104,384,132257
2022-02-16,France,118385,21245489,350,132607
2022-02-17,France,98697,21344186,276,132883
2022-02-18,France,92318,21436504,286,133169
2022-02-19,France,78410,21514914,284,133453
2022-02-20,France,73008,21587922,145,133598
2022-02-21,France,58933,21646855,114,133712
2022-02-22,France,3480,21650335,245,133957
2022-02-23,France,95944,21746279,275,134232
2022-02-24,France,66801,21813080,210,134442
2022-02-25,France,66714,21879794,281,134723
2022-02-26,France,53362,21933156,156,134879
2022-02-27,France,53623,21986779,101,134980
2022-02-28,France,42569,22029348,76,135056
2022-03-01,France,3447,22032795,206,135262
2022-03-02,France,79705,22112500,209,135471
2022-03-03,France,56214,22168714,185,135656
2022-03-04,France,59935,22228649,179,135835
2022-03-05,France,55714,22284363,179,136014
2022-03-06,France,52449,22336812,120,136134
2022-03-07,France,45328,22382140,32,136166
2022-03-08,France,1243,22383383,157,136323
2022-03-09,France,89546,22472929,166,136489
2022-03-10,France,67257,22540186,153,136642
2022-03-11,France,72891,22613077,106,136748
2022-03-12,France,68752,22681829,143,136891
2022-03-13,France,72443,22754272,51,136942
2022-03-14,France,60422,22814694,29,136971
2022-03-15,France,9986,22824680,176,137147
2022-03-16,France,113572,22938252,146,137293
2022-03-17,France,107225,23045477,172,137465
2022-03-18,France,100519,23145996,113,137578
2022-03-19,France,92516,23238512,107,137685
2022-03-20,France,98104,23336616,62,137747
2022-03-21,France,81228,23417844,30,137777
2022-03-22,France,23602,23441446,152,137929
2022-03-23,France,168907,23610353,120,138049
2022-03-24,France,144951,23755304,100,138149
2022-03-25,France,148243,23903547,124,138273
2022-03-26,France,139188,24042735,118,138391
2022-03-27,France,139000,24181735,65,138456
2022-03-28,France,110174,24291909,41,138497
2022-03-29,France,19699,24311608,142,138639
2022-03-30,France,216341,24527949,163,138802
2022-03-31,France,169024,24696973,149,138951
2022-04-01,France,167812,24864785,138,139089
2022-04-02,France,143972,25008757,125,139214
2022-04-03,France,132114,25140871,68,139282
2022-04-04,France,102266,25243137,31,139313
2022-04-05,France,16652,25259789,138,139451
2022-04-06,France,201995,25461784,127,139578
2022-04-07,France,161950,25623734,128,139706
2022-04-08,France,157666,25781400,105,139811
2022-04-09,France,145117,25926517,137,139948
2022-04-10,France,141375,26067892,87,140035
2022-04-11,France,107654,26175546,45,140080
2022-04-12,France,25492,26201038,178,140258
2022-04-13,France,177974,26379012,148,140406
2022-04-14,France,146307,26525319,152,140558
2022-04-15,France,136424,26661743,133,140691
2022-04-16,France,122231,26783974,150,140841
2022-04-17,France,111268,26895242,61,140902
2022-04-18,France,86650,26981892,35,140937
2022-04-19,France,19810,27001702,48,140985
2022-04-20,France,25465,27027167,182,141167
2022-04-21,France,155711,27182878,227,141394
2022-04-22,France,89190,27272068,174,141568
2022-04-23,France,85499,27357567,145,141713
2022-04-24,France,80571,27438138,75,141788
2022-04-25,France,58954,27497092,40,141828
2022-04-26,France,13984,27511076,197,142025
2022-04-27,France,84609,27595685,163,142188
2022-04-28,France,67711,27663396,152,142340
2022-04-29,France,57103,27720499,131,142471
2022-04-30,France,50365,27770864,156,142627
2022-05-01,France,49482,27820346,61,142688
2022-05-02,France,36726,27857072,32,142720
2022-05-03,France,8737,27865809,173,142893
2022-05-04,France,56086,27921895,120,143013
2022-05-05,France,47925,27969820,114,143127
2022-05-06,France,42203,28012023,122,143249
2022-05-07,France,37537,28049560,109,143358
2022-05-08,France,37958,28087518,62,143420
2022-05-09,France,29324,28116842,54,143474
2022-05-10,France,7354,28124196,126,143600
2022-05-11,France,48584,28172780,123,143723
2022-05-12,France,40287,28213067,96,143819
2022-05-13,France,31824,28244891,82,143901
2022-05-14,France,30100,28274991,98,143999
2022-05-15,France,30459,28305450,74,144073
2022-05-16,France,17301,28322751,13,144086
2022-05-17,France,5936,28328687,126,144212
2022-05-18,France,43624,28372311,90,144302
2022-05-19,France,29995,28402306,80,144382
2022-05-20,France,22962,28425268,67,144449
2022-05-21,France,20943,28446211,63,144512
2022-05-22,France,22507,28468718,44,144556
2022-05-23,France,16965,28485683,11,144567
2022-05-24,France,1134,28486817,75,144642
2022-05-25,France,32029,28518846,88,144730
2022-05-26,France,22004,28540850,51,144781
2022-05-27,France,20595,28561445,28,144809
2022-05-28,France,4811,28566256,24,144833
2022-05-29,France,15638,28581894,23,144856
2022-05-30,France,16382,28598276,14,144870
2022-05-31,France,4673,28602949,85,144955
2022-06-01,France,33084,28636033,69,145024
2022-06-02,France,26068,28662101,58,145082
2022-06-03,France,25365,28687466,41,145123
2022-06-04,France,22584,28710050,37,145160
2022-06-05,France,19747,28729797,30,145190
2022-06-06,France,20542,28750339,10,145200
2022-06-07,France,6184,28756523,9,145209
2022-06-08,France,9703,28766226,62,145271
2022-06-09,France,53705,28819931,77,145348
2022-06-10,France,40151,28860082,42,145390
2022-06-11,France,5998,28866080,28,145418
2022-06-12,France,6075,28872155,20,145438
2022-06-13,France,78014,28950169,2,145440
2022-06-14,France,8474,28958643,67,145507
2022-06-15,France,65425,29024068,57,145564
2022-06-16,France,51885,29075953,49,145613
2022-06-17,France,53081,29129034,49,145662
2022-06-18,France,39241,29168275,34,145696
2022-06-19,France,50266,29218541,19,145715
2022-06-20,France,40125,29258666,3,145718
2022-06-21,France,10263,29268929,37,145755
2022-06-22,France,95217,29364146,56,145811
2022-06-23,France,77967,29442113,66,145877
2022-06-24,France,79795,29521908,40,145917
2022-06-25,France,68601,29590509,35,145952
2022-06-26,France,80926,29671435,30,145982
2022-06-27,France,66301,29737736,11,145993
2022-06-28,France,16101,29753837,43,146036
2022-06-29,France,147248,29901085,37,146073
2022-06-30,France,124724,30025809,48,146121
2022-07-01,France,133265,30159074,42,146163
2022-07-02,France,115435,30274509,42,146205
2022-07-03,France,122639,30397148,30,146235
2022-07-04,France,96191,30493339,14,146249
2022-07-05,France,24418,30517757,97,146346
2022-07-06,France,206554,30724311,75,146421
2022-07-07,France,151565,30875876,46,146467
2022-07-08,France,161187,31037063,89,146556
2022-07-09,France,131345,31168408,62,146618
2022-07-10,France,116405,31284813,39,146657
2022-07-11,France,110589,31395402,15,146672
2022-07-12,France,24343,31419745,108,146780
2022-07-13,France,182006,31601751,126,146906
2022-07-14,France,127529,31729280,109,147015
2022-07-15,France,115424,31844704,48,147063
2022-07-16,France,14911,31859615,101,147164
2022-07-17,France,124009,31983624,59,147223
2022-07-18,France,73668,32057292,26,147249
2022-07-19,France,17733,32075025,174,147423
2022-07-20,France,134188,32209213,144,147567
2022-07-21,France,85747,32294960,119,147686
2022-07-22,France,80624,32375584,133,147819
2022-07-23,France,67587,32443171,100,147919
2022-07-24,France,68532,32511703,57,147976
2022-07-25,France,50032,32561735,23,147999
2022-07-26,France,11195,32572930,130,148129
2022-07-27,France,81818,32654748,112,148241
2022-07-28,France,58638,32713386,103,148344
2022-07-29,France,50518,32763904,112,148456
2022-07-30,France,40224,32804128,74,148530
2022-07-31,France,41278,32845406,55,148585
2022-08-01,France,31535,32876941,20,148605
2022-08-02,France,7249,32884190,121,148726
2022-08-03,France,54105,32938295,101,148827
2022-08-04,France,32965,32971260,83,148910
2022-08-05,France,33751,33005011,87,148997
2022-08-06,France,26466,33031477,69,149066
2022-08-07,France,28518,33059995,45,149111
2022-08-08,France,21528,33081523,20,149131
2022-08-09,France,5090,33086613,109,149240
2022-08-10,France,38211,33124824,111,149351
2022-08-11,France,27081,33151905,88,149439
2022-08-12,France,19410,33171315,72,149511
2022-08-13,France,19811,33191126,66,149577
2022-08-14,France,21175,33212301,37,149614
2022-08-15,France,16347,33228648,21,149635
2022-08-16,France,4564,33233212,7,149642
2022-08-17,France,6325,33239537,113,149755
2022-08-18,France,30652,33270189,91,149846
2022-08-19,France,23271,33293460,92,149938
2022-08-20,France,18260,33311720,61,149999
2022-08-21,France,19870,33331590,40,150039
2022-08-22,France,14811,33346401,13,150052
2022-08-23,France,4012,33350413,63,150115
2022-08-24,France,28988,33379401,88,150203
2022-08-25,France,21289,33400690,57,150260
2022-08-26,France,13851,33414541,38,150298
2022-08-27,France,16317,33430858,43,150341
2022-08-28,France,17833,33448691,23,150364
2022-08-29,France,13331,33462022,9,150373
2022-08-30,France,3806,33465828,78,150451
2022-08-31,France,27358,33493186,72,150523
2022-09-01,France,19240,33512426,54,150577
2022-09-02,France,11392,33523818,28,150605
2022-09-03,France,16399,33540217,55,150660
2022-09-04,France,15597,33555814,14,150674
2022-09-05,France,12157,33567971,2,150676
2022-09-06,France,3443,33571414,67,150743
2022-09-07,France,26918,33598332,60,150803
2022-09-08,France,15481,33613813,41,150844
2022-09-09,France,19800,33633613,58,150902
2022-09-10,France,15038,33648651,16,150918
2022-09-11,France,19517,33668168,15,150933
2022-09-12,France,15769,33683937,4,150937
2022-09-13,France,4579,33688516,40,150977
2022-09-14,France,41850,33730366,49,151026
2022-09-15,France,31003,33761369,28,151054
2022-09-16,France,33118,33794487,32,151086
2022-09-17,France,28686,33823173,28,151114
2022-09-18,France,33162,33856335,11,151125
2022-09-19,France,22574,33878909,1,151126
2022-09-20,France,5211,33884120,58,151184
2022-09-21,France,51816,33935936,48,151232
2022-09-22,France,36925,33972861,27,151259
2022-09-23,France,38425,34011286,30,151289
2022-09-24,France,36753,34048039,27,151316
2022-09-25,France,38024,34086063,14,151330
2022-09-26,France,30860,34116923,8,151338
2022-09-27,France,7478,34124401,51,151389
2022-09-28,France,73639,34198040,40,151429
2022-09-29,France,52787,34250827,42,151471
2022-09-30,France,51348,34302175,33,151504
2022-10-01,France,46121,34348296,29,151533
2022-10-02,France,46547,34394843,17,151550
2022-10-03,France,37074,34431917,7,151557
2022-10-04,France,8688,34440605,62,151619
2022-10-05,France,89185,34529790,74,151693
2022-10-06,France,66564,34596354,47,151740
2022-10-07,France,65165,34661519,49,151789
2022-10-08,France,60542,34722061,53,151842
2022-10-09,France,57270,34779331,26,151868
2022-10-10,France,42265,34821596,7,151875
2022-10-11,France,9367,34830963,79,151954
2022-10-12,France,94753,34925716,85,152039
2022-10-13,France,67948,34993664,55,152094
2022-10-14,France,63862,35057526,60,152154
2022-10-15,France,58150,35115676,79,152233
2022-10-16,France,55394,35171070,35,152268
2022-10-17,France,41657,35212727,15,152283
2022-10-18,France,9416,35222143,112,152395
2022-10-19,France,87666,35309809,101,152496
2022-10-20,France,63031,35372840,106,152602
2022-10-21,France,56442,35429282,67,152669
2022-10-22,France,48556,35477838,80,152749
2022-10-23,France,43734,35521572,33,152782
2022-10-24,France,31470,35553042,17,152799
2022-10-25,France,6905,35559947,122,152921
2022-10-26,France,59653,35619600,131,153052
2022-10-27,France,41185,35660785,60,153112
2022-10-28,France,36733,35697518,70,153182
2022-10-29,France,25720,35723238,61,153243
2022-10-30,France,22723,35745961,41,153284
2022-10-31,France,16456,35762417,9,153293
2022-11-01,France,3767,35766184,112,153405
2022-11-02,France,29525,35795709,53,153458
2022-11-03,France,5304,35801013,97,153555
2022-11-04,France,41938,35842951,48,153603
2022-11-05,France,28918,35871869,78,153681
2022-11-06,France,26840,35898709,34,153715
2022-11-07,France,21178,35919887,9,153724
2022-11-08,France,3642,35923529,109,153833
2022-11-09,France,40591,35964120,117,153950
2022-11-10,France,28117,35992237,72,154022
2022-11-11,France,26601,36018838,50,154072
2022-11-12,France,26241,36045079,33,154105
2022-11-13,France,5577,36050656,15,154120
2022-11-14,France,27155,36077811,2,154122
2022-11-15,France,6000,36083811,100,154222
2022-11-16,France,48971,36132782,110,154332
2022-11-17,France,34681,36167463,71,154403
2022-11-18,France,32756,36200219,84,154487
2022-11-19,France,36869,36237088,74,154561
2022-11-20,France,45916,36283004,73,154634
2022-11-21,France,14180,36297184,6,154640
2022-11-22,France,6731,36303915,94,154734
2022-11-23,France,64772,36368687,89,154823
2022-11-24,France,49188,36417875,84,154907
2022-11-25,France,48321,36466196,60,154967
2022-11-26,France,48629,36514825,68,155035
2022-11-27,France,48331,36563156,29,155064
2022-11-28,France,36230,36599386,5,155069
2022-11-29,France,9251,36608637,94,155163
2022-11-30,France,91814,36700451,88,155251
2022-12-01,France,68382,36768833,91,155342
2022-12-02,France,66625,36835458,75,155417
2022-12-03,France,59008,36894466,67,155484
2022-12-04,France,52908,36947374,38,155522
2022-12-05,France,39031,36986405,10,155532
2022-12-06,France,10565,36996970,86,155618
2022-12-07,France,105516,37102486,117,155735
2022-12-08,France,75752,37178238,93,155828
2022-12-09,France,70057,37248295,60,155888
2022-12-10,France,64801,37313096,94,155982
2022-12-11,France,61482,37374578,62,156044
2022-12-12,France,44844,37419422,25,156069
2022-12-13,France,10862,37430284,167,156236
2022-12-14,France,97037,37527321,138,156374
2022-12-15,France,68326,37595647,114,156488
2022-12-16,France,62112,37657759,106,156594
2022-12-17,France,56361,37714120,130,156724
2022-12-18,France,52544,37766664,45,156769
2022-12-19,France,35879,37802543,34,156803
2022-12-20,France,8201,37810744,178,156981
2022-12-21,France,71212,37881956,130,157111
2022-12-22,France,54565,37936521,127,157238
2022-12-23,France,47594,37984115,119,157357
2022-12-24,France,43766,38027881,158,157515
2022-12-25,France,40494,38068375,58,157573
2022-12-26,France,22690,38091065,18,157591
2022-12-27,France,5410,38096475,133,157724
2022-12-28,France,30989,38127464,208,157932
2022-12-29,France,26081,38153545,140,158072
2022-12-30,France,22563,38176108,131,158203
2022-12-31,France,23705,38199813,115,158318
2023-01-01,France,21836,38221649,52,158370
2023-01-02,France,14180,38235829,24,158394
2023-01-03,France,2218,38238047,172,158566
2023-01-04,France,22916,38260963,163,158729
2023-01-05,France,14105,38275068,123,158852
2023-01-06,France,9356,38284424,139,158991
2023-01-07,France,10383,38294807,126,159117
2023-01-08,France,8961,38303768,54,159171
2023-01-09,France,6079,38309847,18,159189
2023-01-10,France,1697,38311544,145,159334
2023-01-11,France,11715,38323259,115,159449
2023-01-12,France,7635,38330894,88,159537
2023-01-13,France,5946,38336840,49,159586
2023-01-14,France,6202,38343042,101,159687
2023-01-15,France,5429,38348471,27,159714
2023-01-16,France,3861,38352332,5,159719
2023-01-17,France,1230,38353562,80,159799
2023-01-18,France,8381,38361943,99,159898
2023-01-19,France,5894,38367837,82,159980
2023-01-20,France,3997,38371834,63,160043
2023-01-21,France,4445,38376279,44,160087
2023-01-22,France,4324,38380603,30,160117
2023-01-23,France,3477,38384080,9,160126
2023-01-24,France,701,38384781,100,160226
2023-01-25,France,7263,38392044,59,160285
2023-01-26,France,5347,38397391,34,160319
2023-01-27,France,5287,38402678,50,160369
2023-01-28,France,3583,38406261,41,160410
2023-01-29,France,4513,38410774,31,160441
2023-01-30,France,3802,38414576,6,160447
2023-01-31,France,722,38415298,56,160503
2023-02-01,France,6860,38422158,57,160560
2023-02-02,France,4506,38426664,53,160613
2023-02-03,France,3315,38429979,50,160663
2023-02-04,France,3618,38433597,28,160691
2023-02-05,France,3312,38436909,21,160712
2023-02-06,France,2632,38439541,0,160712
2023-02-07,France,547,38440088,39,160751
2023-02-08,France,4999,38445087,42,160793
2023-02-09,France,3991,38449078,31,160824
2023-02-10,France,3651,38452729,17,160841
2023-02-11,France,3366,38456095,20,160861
2023-02-12,France,3187,38459282,11,160872
2023-02-13,France,2469,38461751,1,160873
2023-02-14,France,589,38462340,38,160911
2023-02-15,France,4986,38467326,35,160946
2023-02-16,France,3972,38471298,35,160981
2023-02-17,France,4021,38475319,27,161008
2023-02-18,France,3589,38478908,28,161036
2023-02-19,France,4236,38483144,16,161052
2023-02-20,France,2999,38486143,1,161053
2023-02-21,France,807,38486950,30,161083
2023-02-22,France,5772,38492722,32,161115
2023-02-23,France,4584,38497306,38,161153
2023-02-24,France,4489,38501795,19,161172
2023-02-25,France,3917,38505712,29,161201
2023-02-26,France,3843,38509555,16,161217
2023-02-27,France,2942,38512497,1,161218
2023-02-28,France,736,38513233,35,161253
2023-03-01,France,5651,38518884,34,161287
2023-03-02,France,4525,38523409,25,161312
2023-03-03,France,4196,38527605,21,161333
2023-03-04,France,3194,38530799,21,161354
2023-03-05,France,4013,38534812,17,161371
2023-03-06,France,3180,38537992,0,161371
2023-03-07,France,745,38538737,26,161397
2023-03-08,France,7063,38545800,24,161421
2023-03-09,France,5987,38551787,27,161448
2023-03-10,France,6308,38558095,11,161459
2023-03-11,France,6188,38564283,28,161487
2023-03-12,France,6072,38570355,9,161496
2023-03-13,France,4558,38574913,0,161496
2023-03-14,France,886,38575799,40,161536
2023-03-15,France,9937,38585736,27,161563
2023-03-16,France,8348,38594084,24,161587
2023-03-17,France,7932,38602016,24,161611
2023-03-18,France,7228,38609244,26,161637
2023-03-19,France,7210,38616454,11,161648
2023-03-20,France,5459,38621913,2,161650
2023-03-21,France,1237,38623150,46,161696
2023-03-22,France,11519,38634669,35,161731
2023-03-23,France,9759,38644428,13,161744
2023-03-24,France,9249,38653677,29,161773
2023-03-25,France,8839,38662516,15,161788
2023-03-26,France,8435,38670951,18,161806
2023-03-27,France,6211,38677162,5,161811
2023-03-28,France,1464,38678626,42,161853
2023-03-29,France,11476,38690102,39,161892
2023-03-30,France,10884,38700986,36,161928
2023-03-31,France,9519,38710505,0,161928
2023-04-01,France,9211,38719716,69,161997
2023-04-02,France,8455,38728171,13,162010
2023-04-03,France,6027,38734198,7,162017
2023-04-04,France,1453,38735651,38,162055
2023-04-05,France,12191,38747842,25,162080
2023-04-06,France,9922,38757764,33,162113
2023-04-07,France,9374,38767138,35,162148
2023-04-08,France,8786,38775924,28,162176
2023-04-09,France,7739,38783663,16,162192
2023-04-10,France,6474,38790137,4,162196
2023-04-11,France,1342,38791479,3,162199
2023-04-12,France,1884,38793363,36,162235
2023-04-13,France,14188,38807551,54,162289
2023-04-14,France,10678,38818229,29,162318
2023-04-15,France,9467,38827696,25,162343
2023-04-16,France,8186,38835882,11,162354
2023-04-17,France,5805,38841687,3,162357
2023-04-18,France,1411,38843098,95,162452
2023-04-19,France,10616,38853714,26,162478
2023-04-20,France,8807,38862521,48,162526
2023-04-21,France,8201,38870722,34,162560
2023-04-22,France,7400,38878122,43,162603
2023-04-23,France,6561,38884683,24,162627
2023-04-24,France,5008,38889691,9,162636
2023-04-25,France,1185,38890876,61,162697
2023-04-26,France,8895,38899771,40,162737
2023-04-27,France,7490,38907261,38,162775
2023-04-28,France,6609,38913870,56,162831
2023-04-29,France,6144,38920014,37,162868
2023-04-30,France,5347,38925361,17,162885
2023-05-01,France,4030,38929391,2,162887
2023-05-02,France,1098,38930489,4,162891
2023-05-03,France,1065,38931554,63,162954
2023-05-04,France,8715,38940269,65,163019
2023-05-05,France,6161,38946430,57,163076
2023-05-06,France,5505,38951935,44,163120
2023-05-07,France,5103,38957038,5,163125
2023-05-08,France,3301,38960339,4,163129
2023-05-09,France,759,38961098,3,163132
2023-05-10,France,1044,38962142,39,163171
2023-05-11,France,6708,38968850,43,163214
2023-05-12,France,4657,38973507,28,163242
2023-05-13,France,9003,38982510,37,163279
2023-05-14,France,3706,38986216,11,163290
2023-05-15,France,2563,38988779,1,163291
2023-05-16,France,623,38989402,39,163330
2023-05-17,France,5118,38994520,31,163361
2023-05-18,France,4149,38998669,28,163389
2023-05-19,France,3908,39002577,9,163398
2023-05-20,France,740,39003317,39,163437
2023-05-21,France,3605,39006922,4,163441
2023-05-22,France,2498,39009420,2,163443
2023-05-23,France,677,39010097,45,163488
2023-05-24,France,5901,39015998,26,163514
2023-05-25,France,4905,39020903,21,163535
2023-05-26,France,4220,39025123,16,163551
2023-05-27,France,3724,39028847,19,163570
2023-05-28,France,3317,39032164,10,163580
2023-05-29,France,2284,39034448,2,163582
2023-05-30,France,592,39035040,2,163584
2023-05-31,France,902,39035942,34,163618
2023-06-01,France,5210,39041152,24,163642
2023-06-02,France,3735,39044887,20,163662
2023-06-03,France,3204,39048091,18,163680
2023-06-04,France,2797,39050888,9,163689
2023-06-05,France,2082,39052970,1,163690
2023-06-06,France,443,39053413,27,163717
2023-06-07,France,3590,39057003,14,163731
2023-06-08,France,2762,39059765,19,163750
2023-06-09,France,2603,39062368,17,163767
2023-06-10,France,2357,39064725,20,163787
2023-06-11,France,2135,39066860,4,163791
2023-06-12,France,1282,39068142,0,163791
2023-06-13,France,332,39068474,17,163808
2023-06-14,France,2631,39071105,7,163815
2023-06-15,France,2069,39073174,17,163832
2023-06-16,France,568,39073742,9,163841
2023-06-17,France,2895,39076637,14,163855
2023-06-18,France,1482,39078119,0,163855
2023-06-19,France,1080,39079199,0,163855
2023-06-20,France,270,39079469,0,163855
2023-06-21,France,0,39079469,0,163855
